{"cameraMode":{"drawMode":0,"name":"Shaded","section":"Shading Mode"},"sceneLighting":true,"audioPlay":false,"sceneViewState":{"showFog":true,"showMaterialUpdate":true,"showSkybox":true,"showFlares":true,"showImageEffects":true,"showParticleSystems":true},"in2DMode":false,"pivot":{"x":14.409423828125,"y":11.26953125,"z":4.94140625},"rotation":{"x":0.2324422150850296,"y":-0.04926444590091705,"z":0.011844328604638577,"w":0.9712895750999451},"size":18.90911865234375,"orthographic":true}