{"cameraMode":{"drawMode":0,"name":"Shaded","section":"Shading Mode"},"sceneLighting":false,"audioPlay":false,"sceneViewState":{"showFog":true,"showMaterialUpdate":true,"showSkybox":false,"showFlares":true,"showImageEffects":true,"showParticleSystems":true},"in2DMode":false,"pivot":{"x":6.743475914001465,"y":0.7765355706214905,"z":10.23381233215332},"rotation":{"x":0.1645134687423706,"y":0.08601086586713791,"z":-0.014348028227686882,"w":0.982512891292572},"size":7.851406097412109,"orthographic":true}