{"cameraMode":{"drawMode":0,"name":"Shaded","section":"Shading Mode"},"sceneLighting":false,"audioPlay":false,"sceneViewState":{"showFog":true,"showMaterialUpdate":true,"showSkybox":false,"showFlares":true,"showImageEffects":true,"showParticleSystems":true},"in2DMode":false,"pivot":{"x":15.175046920776368,"y":0.5345168113708496,"z":10.182947158813477},"rotation":{"x":0.1645134687423706,"y":0.08601086586713791,"z":-0.014348028227686882,"w":0.982512891292572},"size":11.729604721069336,"orthographic":true}